Date,Time,User,Activity Description,Reason for change,Anomaly
2024-08-27,08:00:00,user123,User logged into the system,Not Available,0
2024-08-27,08:05:00,user123,Loaded recipe for batch #001,Not Available,0
2024-08-27,08:10:00,user123,Initiated pre-operation equipment check,Not Available,0
2024-08-27,08:15:00,user123,Verified calibration of scales,Not Available,0
2024-08-27,08:20:00,user123,Started coating process for batch #001,Not Available,0
2024-08-27,08:25:00,user123,Adjusted inlet air temperature from 145°C to 150°C,Not Available,0
2024-08-27,08:30:00,user123,Adjusted spray rate from 8 mL/min to 10 mL/min,Not Available,0
2024-08-27,8:35:00,user123,Resolved alarm: Low spray pressure,Not Available,1
2024-08-27,8:36:00,user123,Acknowledged alarm: Low spray pressure,Not Available,1
2024-08-27,8:40:00,user123,Adjusted exhaust air temperature from 42°C to 45°C,Not Available,0
2024-08-27,08:45:00,user123,Adjusted drum speed from 12 RPM to 15 RPM,Not Available,0
2024-08-27,08:50:00,user123,Performed intermediate quality check,Not Available,0
2024-08-27,8:55:00,user123,Changed coating solution to type A,Not Available,1
2024-08-27,09:00:00,user123,Calibrated humidity sensor,Not Available,0
2024-08-27,09:05:00,user123,Paused coating process for maintenance,Not Available,0
2024-08-27,09:10:00,user123,Resumed coating process after maintenance,Not Available,0
2024-08-27,09:15:00,user123,Adjusted atomization air pressure from 1.8 bar to 2 bar,Not Available,1
2024-08-27,09:20:00,user123,Logged out of the system,Not Available,0
2024-08-27,09:25:00,user456,User logged into the system,Not Available,0
2024-08-27,09:30:00,user456,Deleted batch#001,Not Available,1
2024-08-27,09:35:00,user456,Loaded recipe for batch #002,Not Available,0
2024-08-27,09:40:00,user456,Initiated coating process for batch #002,Not Available,0
2024-08-27,09:45:00,user456,Adjusted inlet air temperature from 150°C to 155°C,Not Available,0
2024-08-27,09:46:00,user456,Acknowledged alarm: High exhaust temperature,Not Available,0
2024-08-27,09:50:00,user456,Resolved alarm: High exhaust temperature,Not Available,0
2024-08-27,09:55:00,user456,Performed routine equipment cleaning,Not Available,0
2024-08-27,10:00:00,user456,Changed coating solution to type B,Not Available,0
2024-08-27,10:05:00,user456,Performed final quality check,Not Available,0
2024-08-27,10:10:00,user456,Stopped coating process for batch #002,Not Available,0
2024-08-27,10:15:00,user456,Logged out of the system,Not Available,0
2024-08-27,10:20:00,user789,User logged into the system,Not Available,0
2024-08-27,10:25:00,user789,Loaded recipe for batch #003,Not Available,0
2024-08-27,10:30:00,user789,Started coating process for batch #003,Not Available,1
2024-08-27,10:35:00,user789,Adjusted inlet air temperature from 147°C to 149°C,Not Available,0
2024-08-27,10:40:00,user789,Adjusted inlet air temperature from 149°C to 148°C,Not Available,0
2024-08-27,10:45:00,user789,Adjusted drum speed from 16 RPM to 18 RPM,Not Available,0
2024-08-27,10:50:00,user789,Acknowledged alarm: Low atomization pressure,Not Available,0
2024-08-27,10:51:00,user789,Resolved alarm: Low atomization pressure,Not Available,0
2024-08-27,10:55:00,user789,Adjusted exhaust air temperature from 45°C to 47°C,Not Available,0
2024-08-27,11:00:00,user789,Performed intermediate quality check,Not Available,0
2024-08-27,11:05:00,user789,Changed coating solution to type C,Not Available,0
2024-08-27,11:10:00,user789,Paused coating process for maintenance,Not Available,0
2024-08-27,11:15:00,user789,Resumed coating process after maintenance,Not Available,0
2024-08-27,11:20:00,user789,Adjusted spray rate from 9 mL/min to 11 mL/min,Not Available,0
2024-08-27,11:25:00,user789,Performed final quality check,Not Available,0
2024-08-27,11:30:00,user789,Stopped coating process for batch #003,Not Available,0
2024-08-27,11:35:00,user789,Logged out of the system,Not Available,0
2024-08-27,11:40:00,user123,User logged into the system,Not Available,0
2024-08-27,11:45:00,user123,Loaded recipe for batch #004,Not Available,0
2024-08-27,11:50:00,user123,Initiated coating process for batch #004,Not Available,0
2024-08-27,11:55:00,user123,Adjusted inlet air temperature from 150°C to 152°C,Not Available,0
2024-08-27,12:00:00,user123,Adjusted spray rate from 12 mL/min to 13 mL/min,Not Available,0
2024-08-27,12:05:00,user123,Acknowledged alarm: High drum speed,Not Available,0
2024-08-27,12:06:00,user123,Resolved alarm: High drum speed,Not Available,0
2024-08-27,12:10:00,user123,Changed coating solution to type A,Not Available,0
2024-08-27,12:15:00,user123,Performed intermediate quality check,Not Available,0
2024-08-27,12:20:00,user123,Adjusted drum speed from 14 RPM to 16 RPM,Not Available,0
2024-08-27,12:25:00,user123,Calibrated spray nozzles,Not Available,0
2024-08-27,12:30:00,user123,Performed routine equipment cleaning,Not Available,0
2024-08-27,12:35:00,user123,Stopped coating process for batch #004,Not Available,0
2024-08-27,12:40:00,user123,Logged out of the system,Not Available,0
2024-08-27,12:45:00,user456,User logged into the system,Not Available,0
2024-08-27,12:50:00,user456,Loaded recipe for batch #005,Not Available,0
2024-08-27,12:55:00,user456,Initiated coating process for batch #005,Not Available,0
2024-08-27,13:00:00,user456,Adjusted inlet air temperature from 148°C to 149°C,Not Available,0
2024-08-27,13:05:00,user456,Adjusted spray rate from 13 mL/min to 14 mL/min,Not Available,0
2024-08-27,13:10:00,user456,Acknowledged alarm: Low exhaust temperature,Not Available,0
2024-08-27,13:11:00,user456,Resolved alarm: Low exhaust temperature,Not Available,0
2024-08-27,13:15:00,user456,Changed coating solution to type B,Not Available,0
2024-08-27,13:20:00,user456,Performed intermediate quality check,Not Available,0
2024-08-27,13:25:00,user456,Adjusted drum speed from 15 RPM to 17 RPM,Not Available,0
2024-08-27,13:30:00,user456,Calibrated humidity sensor,Not Available,0
2024-08-27,13:35:00,user456,Performed routine equipment cleaning,Not Available,0
2024-08-27,13:40:00,user456,Stopped coating process for batch #005,Not Available,0
2024-08-27,13:45:00,user456,Logged out of the system,Not Available,0
2024-08-27,13:50:00,user789,User logged into the system,Not Available,0
2024-08-27,13:55:00,user789,Loaded recipe for batch #006,Not Available,0
2024-08-27,14:00:00,user789,Initiated coating process for batch #006,Not Available,0
2024-08-27,14:05:00,user789,Adjusted inlet air temperature from 150°C to 151°C,Not Available,0
2024-08-27,14:10:00,user789,Adjusted spray rate from 14 mL/min to 15 mL/min,Not Available,0
2024-08-27,14:15:00,user789,Acknowledged alarm: High spray rate,Not Available,0
2024-08-27,14:16:00,user789,Resolved alarm: High spray rate,Not Available,0
2024-08-27,14:20:00,user789,Changed coating solution to type C,Not Available,0
2024-08-27,14:25:00,user789,Performed intermediate quality check,Not Available,0
2024-08-27,14:30:00,user789,Adjusted drum speed from 17 RPM to 19 RPM,Not Available,0
2024-08-27,14:35:00,user789,Calibrated spray nozzles,Not Available,0
2024-08-27,14:40:00,user789,Performed routine equipment cleaning,Not Available,0
2024-08-27,14:50:00,user789,Logged out of the system,Not Available,0
2024-08-27,14:50:00,user789,Stopped coating process for batch #006,Not Available,1
